PT,a,b,c,d,nij,ni,nj,n,Expected,PRR,PRR025,PRR975,IC,IC025
Venous thromboembolism,1126,95687,83977,10743817,1126,96813,85103,10924607,754.1760302224144,1.4996307646508533,1.414477356168392,1.589910520999231,0.577917955941436,0.44490331320393534
pulmonary embolism,869,95944,55380,10772414,869,96813,56249,10924607,498.4741727551389,1.7549838797656465,1.6417307258933933,1.876049689306528,0.8012208849200031,0.6424118939318307
Deep vein thrombosis,332,96482,41334,10786460,332,96814,41666,10924608,369.24456456469653,0.8983228968096236,0.8065089288513595,1.000589079753588,-0.1531745985071474,-0.36688619050867477
Arterial thromboembolism,676,96138,137014,10690780,676,96814,137690,10924608,1220.2103416433797,0.5518023825396788,0.5117749502270609,0.594960478705286,-0.8515590692414606,-0.9870930329692628
myocardial infarction,578,96236,119170,10708624,578,96814,119748,10924608,1061.208134149985,0.5424537549493776,0.5000086653840065,0.5885019533265307,-0.8759983562295145,-1.0221237979512745
Thrombotic stroke,8,96806,411,10827383,8,96814,419,10924608,3.713182752186623,2.17695767694011,1.08142609357379,4.382310317228451,1.0125523452516512,-0.6722274425150958
Transient ischemic attack,94,96720,18556,10809238,94,96814,18650,10924608,165.27651152334252,0.5665592186550455,0.4626683278284198,0.6937785211051972,-0.8108533748641449,-1.1753308521634902
Thromboembolism,1787,95027,218655,10609139,1787,96814,220442,10924608,1953.559504194567,0.9140437015689113,0.8728431850119255,0.9571889919337367,-0.12853115842413565,-0.22107872862932126
